Title,Date,Genre,Note_Sc,Duration,Director,Synopsis
Threat Level Midnight (2011),17 février 2011,Comédie,8.7,30 min.,Tucker Gates,"Après 11 ans de préparation, Michael Scott nous livre enfin son épisode spécial Threat Level Midnight. Cet épisode met en scène Michael Scarn, son acolyte Dwight, et Jim : ""Goldenface"", ainsi que plusieurs autres connaissances de Michael."
Douze Hommes en colère (1957),4 octobre 1957,"Policier, Drame",8.7,1 h 36 min.,Sidney Lumet,"Un jeune homme d’origine modeste est accusé du meurtre de son père et risque la peine de mort. Le jury composé de douze hommes se retire pour délibérer et procède immédiatement à un vote : onze votent coupable, or la décision doit être prise à l’unanimité. Le juré (Henry Fonda) qui a voté non-coupable, sommé de se justifier, explique qu’il a un doute et que la vie d’un homme mérite quelques heures de discussion. Il s’emploie alors à les convaincre un par un..."
Harakiri (1962),24 juillet 1963,Drame,8.6,2 h 13 min.,Masaki Kobayashi,"Au XVIIe siècle, le Japon n’est plus en guerre et le pays est dirigé avec fermeté. Hanshirô Tsugumo, un rônin (samouraï errant) sans travail parmi tant d’autres, décide de frapper à la porte du puissant clan des Ii. Reçu par Kageyu Saitô, l'intendant du clan, il lui demande la permission d'accomplir le suicide par harakiri dans la résidence. Tentant de l’en dissuader, Saitô commence alors à lui raconter l’histoire de Motome Chijiwa, un ancien rônin qui souhaitait accomplir, lui aussi, le même...  Voir plus"
Blade Runner : The Final Cut (2007),5 octobre 2007,Science-fiction,8.6,1 h 57 min.,Ridley Scott,"Dans les dernières années du 20ème siècle, des milliers d'hommes et de femmes partent à la conquête de l'espace, fuyant les mégalopoles devenues insalubres. Sur les colonies, une nouvelle race d'esclaves voit le jour : les répliquants, des androïdes que rien ne peut distinguer de l'être humain. Los Angeles, 2019. Après avoir massacré un équipage et pris le contrôle d'un vaisseau, les répliquants de type Nexus 6, le modèle le plus perfectionné, sont désormais déclarés ""hors la loi"". Quatre...  Voir plus"
"Le Bon, la Brute et le Truand (1966)",8 mars 1968,"Western, Aventure",8.5,2 h 59 min.,Sergio Leone,Un chasseur de primes rejoint deux hommes dans une alliance précaire. Leur but ? Trouver un coffre rempli de pièces d'or dans un cimetière isolé.
Barberousse (1965),4 janvier 1978,Drame,8.5,3 h 05 min.,Akira Kurosawa,"Nous sommes à Koishikawa au XIX° siècle. Kyojio Niide, un médecin hargneux mais généreux, décide d'entraîner un jeune apprenti, Noboru Yasumoto."
Les Sept Samouraïs (1954),30 novembre 1955,"Arts martiaux, Aventure, Drame",8.5,3 h 27 min.,Akira Kurosawa,"Dans un Japon médiéval meurtri par les guerres civiles, des bandits martyrisent la population. Les villageois décident d'engager des samouraïs."
Il était une fois dans l'Ouest (1968),27 août 1969,Western,8.5,2 h 55 min.,Sergio Leone,L'histoire épique d'un mystérieux inconnu avec un harmonica qui s'allie à un desperado pour protéger une belle veuve d'un assassin impitoyable.
Le Parrain (1972),18 octobre 1972,"Policier, Drame",8.5,2 h 55 min.,Francis Ford Coppola,"New York, 1945. Don Vito Corleone règne sur l'une des familles les plus puissantes de la mafia italo-américaine. Virgil Sollozzo, qui dirige la famille Tattaglia, lui propose de s'associer sur un nouveau marché prometteur : le trafic de drogue, mais celui-ci refuse. Don Vito est alors pris pour cible lors d'une tentative d'assassinat en pleine rue. Criblé de balles, il survit par miracle. Son fils Michael, qui s'était toujours tenu à l'écart des affaires familiales, se porte volontaire pour le...  Voir plus"
Il était une fois en Amérique (1984),23 mai 1984,"Drame, Gangster",8.5,3 h 49 min.,Sergio Leone,"Il était une fois deux truands juifs, Max et Noodles, liés par un pacte d'éternelle amitié. Débutant au début du siècle par de fructueux trafics dans le ghetto de New York, ils voient leurs chemins se séparer, lorsque Noodles se retrouve durant quelques années derrière les barreaux, puis se recouper en pleine période de prohibition, dans les années vingt. Jusqu'au jour où la trahison les sépare à nouveau."
Le Trou (1960),18 mars 1960,"Policier, Drame, Thriller",8.4,2 h 12 min.,Jacques Becker,"Accusé de tentative de meurtre, Claude est enfermé en prison. Ses 4 compagnons de cellule lui font part de leur désir d'évasion et creusent un tunnel."
Point limite (1964),25 février 1965,"Drame, Thriller",8.4,1 h 52 min.,Sidney Lumet,"En pleine guerre froide, dans un climat de tension grandissante, un escadron de bombardiers américains effectue une mission de reconnaissance. A bord, des missiles nucléaires et deux cargaisons de vingt tonnes de bombes à hydrogène. Mais les appareils sont déviés de leur route. Le système de commande de l'ordinateur s'est déréglé et ordonne aux pilotes de mettre le cap sur Moscou et de bombarder la ville. Le président des Etats-Unis et ses conseillers se lancent dans une course contre la montre...  Voir plus"
Le Voyage de Chihiro (2001),10 avril 2002,"Animation, Aventure, Fantasy",8.4,2 h 05 min.,Hayao Miyazaki,"Lors du déménagement de sa famille, Chihiro, une fillette de 10 ans, erre dans un monde régi par les dieux, sorcières et monstres."
Princesse Mononoké (1997),12 janvier 2000,"Animation, Aventure, Fantasy",8.4,2 h 14 min.,Hayao Miyazaki,Ashitaka est à la recherche d'un remède à la malédiction de Tatarigami. Il se retrouve au milieu d'une guerre entre les dieux de la Forêt et Tatara.
Entre le ciel et l'enfer (1963),9 juin 1976,"Drame, Thriller",8.4,2 h 23 min.,Akira Kurosawa,"À Yokohama, un malfaiteur kidnappe un enfant qu'il prend pour le fils d'un industriel japonais. Il s'agit en fait du fils du chauffeur de ce dernier."
L'Aurore (1927),11 octobre 1928,"Drame, Romance, Muet",8.3,1 h 34 min.,Friedrich Wilhelm Murnau,"Séduit par une vamp venue de la ville, un fermier tente de noyer sa femme, mais renonce au dernier moment. Apeurée, celle-ci fuit vers la ville. Son mari la suit afin de lui prouver son amour et, après avoir résisté, la jeune femme le pardonne..."
Vol au-dessus d'un nid de coucou (1975),1 mars 1976,"Drame, Comédie dramatique",8.3,2 h 13 min.,Miloš Forman,"Pour échapper à la prison, Randall P. McMurphy se fait volontairement interner dans une clinique psychiatrique. Il y découvre injustice et oppression."
Dersou Ouzala (1975),22 décembre 1976,"Aventure, Biopic, Drame",8.3,2 h 22 min.,Akira Kurosawa,"1902. Vladimir, géographe, engage Dersou pour le guider dans la région de l'Oussouri. Sa vie dans la forêt lui impose amour et respect pour la nature."
Sherlock Junior (1924),28 octobre 1924,"Muet, Comédie, Action",8.3,45 min.,Buster Keaton,"Un projectionniste, qui rêve d'être détective, s'endort un jour à son travail. Il sombre alors dans un rêve abracadabrantesque où il joue le meilleur détective du monde."
Pour Sama (2019),9 octobre 2019,Guerre,8.3,1 h 40 min.,Waad Al-Kateab,"Waad al-Kateab est une jeune femme syrienne qui vit à Alep lorsque la guerre éclate en 2011. Sous les bombardements, la vie continue. Elle filme au quotidien les pertes, les espoirs et la solidarité du peuple d’Alep. Waad et son mari médecin sont déchirés entre partir et protéger leur fille Sama ou résister pour la liberté de leur pays."
Le Parrain - 2e Partie (1974),27 août 1975,"Gangster, Drame",8.3,3 h 20 min.,Francis Ford Coppola,"En 1901, en Sicile, le tout jeune Vito Andolini voit son père, son frère et sa mère assassinés par un parrain local. Il s'enfuit vers les États-Unis, où les services de l'immigration le rebaptisent Vito Corleone... Cinquante ans plus tard, aux États-Unis, son fils Michael dirige d'une main de fer l'empire criminel de son père et cherche à étendre les activités criminelles de la famille à Las Vegas et à Cuba."
Parasite (2019),5 juin 2019,"Drame, Thriller, Comédie",8.3,2 h 12 min.,Bong Joon-Ho,"Toute la famille de Ki-taek est au chômage, et s’intéresse fortement au train de vie de la richissime famille Park. Un jour, leur fils réussit à se faire recommander pour donner des cours particuliers d’anglais chez les Park. C’est le début d’un engrenage incontrôlable, dont personne ne sortira véritablement indemne…"
Apocalypse Now (1979),26 septembre 1979,"Drame, Guerre",8.3,2 h 27 min.,Francis Ford Coppola,"Durant la guerre du Viêt-nam, le capitaine Willard est contraint de mener une mission périlleuse au Cambodge. Accompagné de quatre soldats, il doit mettre fin au commandement du colonel Kurtz, qui utilise des méthodes jugées trop barbares."
Pulp Fiction (1994),26 octobre 1994,"Gangster, Comédie",8.3,2 h 34 min.,Quentin Tarantino,"L'odyssée sanglante, burlesque et cocasse de petits malfrats dans la jungle de Los Angeles à travers quatre histoires qui s'entremêlent."
Le Dictateur (1940),4 avril 1945,"Comédie dramatique, Guerre",8.3,2 h 05 min.,Charlie Chaplin,"Dans un ghetto juif vit un petit barbier juif qui ressemble énormément à Adenoid Hynkel, le dictateur de Tomania qui a décidé l'extermination du peuple juif. Au cours d'une rafle, le barbier est arrêté en compagnie de Schultz, un farouche adversaire d'Hynkel."
Voyage au bout de l'enfer (1978),7 mars 1979,"Drame, Guerre",8.3,3 h 03 min.,Michael Cimino,Une analyse en profondeur de la façon dont la guerre du Vietnam touche et bouleverse la vie des habitants d'une petite ville industrielle de Pennsylvanie.
Psychose (1960),2 novembre 1960,Thriller,8.3,1 h 49 min.,Alfred Hitchcock,"Phoenix, Arizona. Marion Crane, une employée modèle, vole 40 000 dollars à son patron pour permettre à son amant, Sam Loomis, d'éponger ses dettes. Elle s'enfuit en voiture dans l'intention de le rejoindre chez lui en Californie. Sur la route, une forte pluie l'oblige à s'arrêter. Elle descend dans un motel isolé, tenu par le jeune et sympathique gérant, Norman Bates."
Soy Cuba (1964),16 juillet 2003,Drame,8.2,2 h 21 min.,Mikhail Kalatozov,"A travers quatre histoires, ""Soy Cuba"" décrit la lente évolution de Cuba du régime de Batista jusqu'à la révolution de Fidel Castro. Quatre récits qui renforcent l'idéal communiste face à la mainmise du capitalisme. Tout au long de ces épisodes Cuba se libère de ses dépendances politiques pour affirmer son identité, singulière et autonome, avec ses contradictions et ses espérances."
La Femme des sables (1964),11 novembre 1964,Drame,8.3,2 h 27 min.,Hiroshi Teshigahara,Un homme marchant dans le désert fais une halte pour se reposer. Des villageois lui proposent de dormir dans leur village mais le font prisonnier.
Les Affranchis (1990),12 septembre 1990,"Gangster, Biopic",8.2,2 h 26 min.,Martin Scorsese,"A Brooklyn, dans les années 1950, Henry Hill, né d’un père irlandais et d’une mère sicilienne, a toujours voulu devenir gangster. Il commet à 16 ans ses premiers délits. Arrêté, le gamin des rues gagne le respect du parrain Paul Cicero en refusant de livrer ses complices, la règle d’or des affranchis. A sa sortie de prison, Henry se lie d'amitié avec Jimmy Conway, un truand imprévisible et cruel qui deviendra son mentor, et Tommy De Vito, un gangster dangereux et impulsif."
Requiem pour un massacre (1985),16 septembre 1987,"Drame, Guerre",8.2,2 h 22 min.,Elem Klimov,"Pendant la Seconde Guerre mondiale, dans un village de Biélorussie occupé, Fliora s'engage, bien que trop jeune, chez les partisans."
Sátántangó – Le Tango de Satan (1994),9 mars 2003,Drame,8.2,7 h 30 min.,Béla Tarr,"Dans un village perdu au coeur de la plaine hongroise, les habitants luttent quotidiennement contre le vent et l’incessante pluie d’automne. Dans la ferme collective démantelée et livrée à l’abandon, les complots vont bon train lorsqu’une rumeur annonce le retour de deux hommes passés pour morts. Bouleversés par cette nouvelle, certains habitants y voient l’arrivée d’un messie, d’autres celle de Satan…"
Boulevard du crépuscule (1950),18 avril 1951,Film noir,8.2,1 h 50 min.,Billy Wilder,"Norma Desmond, grande actrice du muet, vit recluse dans sa luxueuse villa de Beverly Hills en compagnie de Max von Meyerling, son majordome qui fut aussi son metteur en scène et mari. Joe Gillis, un scénariste sans le sou, pénètre par hasard dans la propriété et Norma lui propose de travailler au scénario du film qui marquera son retour à l'écran, Salomé."
Quand passent les cigognes (1957),11 juin 1958,"Drame, Romance, Guerre",8.2,1 h 35 min.,Mikhail Kalatozov,"A Moscou, en 1941. Boris et Veronika sont épris l'un de l'autre. Ils se promènent, le soir, tendrement enlacés, au bord de la Volga. Ces amours juvéniles sont bientôt interrompues par la déclaration de guerre. Boris s'engage, malgré la violente réprobation de son père, Fiodor Borozdine, médecin à Moscou."
Le Tombeau des lucioles (1988),19 juin 1996,"Animation, Drame, Guerre",8.2,1 h 29 min.,Isao Takahata,"L'histoire tragique de l'adolescent Seita, de sa jeune sœur Setsuko et des luttes qu'ils mènent pour survivre au Japon de la Seconde Guerre Mondiale."
Les Enfants du paradis (1945),15 mars 1945,"Drame, Romance",8.2,3 h 10 min.,Marcel Carné,"Paris, 1828. Sur le boulevard du Crime, au milieu de la foule, des acteurs et des bateleurs, le mime Baptiste Deburau, par son témoignage muet, sauve Garance d'une erreur judiciaire. C'est ici que commencent les amours contrariées de Garance, femme libre et audacieuse, et de Baptiste qu'elle intimide et qui n'ose lui déclarer sa flamme. Mais aussi ceux de Nathalie, la fille du directeur du théâtre, qui aime Baptiste, et Frédérick Lemaître, un jeune acteur prometteur, qui entame une liaison avec...  Voir plus"
Rébellion (1967),3 juin 1967,"Drame, Action",8.2,2 h 08 min.,Masaki Kobayashi,"Sous l'ère Edo au Japon. Un chef de fief décide de marier sa femme, qu'il vient de répudier, au fils du samouraï Isaburo Sasahara."
La Condition de l'homme 1 - Il n'y a pas de plus grand amour (1959),15 janvier 1959,"Drame, Historique, Guerre",8.2,3 h 28 min.,Masaki Kobayashi,"1943. Kaji et sa femme partent pour les mines de Mandchourie. Souhaitant faciliter les conditions de travail des employés, il se heurte à ses supérieurs. Lorsque des prisonniers de guerre chinois sont débarqués de wagons à bestiaux, Kaji ne peut supporter cette infamie et décide de s'opposer aux méthodes extrêmes de sa hiérarchie..."
Les Temps modernes (1936),13 mars 1936,"Comédie dramatique, Muet",8.2,1 h 27 min.,Charlie Chaplin,"La vie d'un ouvrier d'usine, employé sur une chaîne de production. Les mauvais traitements et rythme effréné imposé le poussent à la dépression nerveuse."
La Vie est belle (1946),28 juillet 1948,"Drame, Fantastique",8.2,2 h 10 min.,Frank Capra,"Un soir de Noël, un homme déprimé décide de se jeter dans la rivière après avoir perdu une grosse somme d'argent. Un ange va l'aider."
Les Lumières de la ville (1931),7 avril 1931,"Comédie dramatique, Romance, Muet",8.2,1 h 27 min.,Charlie Chaplin,"Un vagabond s’éprend d’une belle et jeune vendeuse de fleurs aveugle qui vit avec sa mère, couverte de dettes. Suite à un quiproquo, la fleuriste s’imagine le misérable, qui vient de lui acheter une fleur, en milliardaire..."
Midsommar : The Director's Cut (2019),2 décembre 2019,"Épouvante-Horreur, Drame, Thriller",8.2,2 h 51 min.,Ari Aster,"Dani et Christian sont sur le point de se séparer quand la famille de Dani est touchée par une tragédie. Attristé par le deuil de la jeune femme, Christian ne peut se résoudre à la laisser seule et l’emmène avec lui et ses amis à un festival estival qui n’a lieu qu’une fois tous les 90 ans et se déroule dans un village suédois isolé. Mais ce qui commence comme des vacances insouciantes dans un pays où le soleil ne se couche pas va vite prendre une tournure beaucoup plus sinistre et inquiétante."
Le Chagrin et la Pitié (1969),5 avril 1971,"Historique, Guerre",8.2,4 h 11 min.,Marcel Ophüls,Chronique de la ville française de Clermont-Ferrand sous l'occupation allemande.
Jeux dangereux (1942),21 mai 1947,"Comédie, Guerre",8.2,1 h 39 min.,Ernst Lubitsch,"Pendant l'occupation nazie de la Pologne, une troupe d'acteurs est impliquée dans les efforts d'un soldat polonais cherchant un espion allemand."
Ève... (1950),18 avril 1951,Drame,8.2,2 h 18 min.,Joseph L. Mankiewicz,"Eve Harrington reçoit, des mains d'un vieil acteur, le prix Sarah Siddons. L'entourage de celle-ci se souvient de son ascension."
Rendez-vous (1940),12 août 1945,Comédie romantique,8.2,1 h 39 min.,Ernst Lubitsch,"Chez Matuschek et Cie, une grande boutique de maroquinerie, le jeune Alfred Kralik, l'adjoint du patron, et Klara Novak, une nouvelle employée, vont échanger une correspondance amoureuse, sans savoir qui ils sont, à l'aide de petites annonces."
Les Sentiers de la gloire (1957),26 mars 1975,"Drame, Guerre",8.2,1 h 28 min.,Stanley Kubrick,"En 1916, durant la Première Guerre mondiale, le général français Broulard ordonne au général Mireau de lancer une offensive suicidaire contre une position allemande imprenable, surnommée ""la fourmilière"". Au moment de l'attaque, les soldats tombent par dizaines et leurs compagnons, épuisés, refusent d'avancer..."
Andreï Roublev (1966),,"Drame, Biopic, Historique",8.2,3 h 03 min.,Andreï Tarkovski,"En 1405, le peintre Théophane le Grec demande à Andreï Roublev de venir travailler avec lui à la décoration de l'église de l'Annonciation à Moscou. Quelques années plus tard, bouleversé par la violence de l'époque, Roublev renonce à son art et se mure dans le silence."
M le maudit (1931),8 avril 1932,"Policier, Drame, Thriller",8.1,1 h 57 min.,Fritz Lang,"À Berlin, la police recherche un tueur d'enfants qui terrorise la ville. Alors qu'elle est impuissante, ce sont les criminels qui vont s'en charger."
Metropolis (1927),6 février 1927,"Muet, Drame, Science-fiction",8.1,2 h 25 min.,Fritz Lang,"Dans une ville futuriste divisée entre dirigeants et ouvriers, le fils d'un dirigeant est amoureux d'une ouvrière qui prédit l'abolition des classes."
Fight Club (1999),10 novembre 1999,Drame,8.1,2 h 19 min.,David Fincher,"Insomniaque, désillusionné par sa vie personnelle et professionnelle, un jeune cadre expert en assurances, mène une vie monotone et sans saveur. Face à la vacuité de son existence, son médecin lui conseille de suivre une thérapie afin de relativiser son mal-être. Lors d'un voyage d'affaires, il fait la connaissance de Tyler Durden, une sorte de gourou anarchiste et philosophe. Ensemble, ils fondent le Fight Club. Cercle très fermé, où ils organisent des combats clandestins et violents, destinés...  Voir plus"
Fenêtre sur cour (1954),1 avril 1955,Thriller,8.1,1 h 52 min.,Alfred Hitchcock,"À cause d'une jambe cassée, le reporter-photographe L. B. Jeffries est contraint de rester chez lui dans un fauteuil roulant. Homme d'action et amateur d'aventure, il s'aperçoit qu'il peut tirer parti de son immobilité forcée en étudiant le comportement des habitants de l'immeuble qu'il occupe dans Greenwich Village."
Barry Lyndon (1975),8 septembre 1976,"Drame, Historique, Aventure",8.1,3 h 04 min.,Stanley Kubrick,"En Prusse, au début de la guerre de Sept Ans, un voyou irlandais conquiert le cœur d'une riche veuve et assume la position de son mari mort."
Memories of Murder (2003),23 juin 2004,"Policier, Drame, Thriller",8.1,2 h 10 min.,Bong Joon-Ho,"En 1986, dans la province de Gyunggi, le corps d'une jeune femme violée puis assassinée est retrouvé dans la campagne. Deux mois plus tard, d'autres crimes similaires ont lieu. Dans un pays qui n'a jamais connu de telles atrocités, la rumeur d'actes commis par un serial killer grandit de jour en jour. Une unité spéciale de la police est ainsi créée dans la région afin de trouver rapidement le coupable. Elle est placée sous les ordres d'un policier local et d'un détective spécialement envoyé de...  Voir plus"
La Vérité (1960),2 novembre 1960,Drame,8.1,2 h 10 min.,Henri-Georges Clouzot,"Dominique Marceau est jugée en assises pour le meurtre de son amant, Gilbert Tellier. Au cours des audiences se dessine petit à petit le véritable visage de l'accusée."
L'Intendant Sansho (1954),5 octobre 1960,Drame,8.1,1 h 59 min.,Kenji Mizoguchi,"Dans le Japon du XI° siècle, les membres d'une famille sont dispersés et martyrisés pour avoir défendu des paysans contre un ordre inique du gouverneur."
Le Kid (1921),10 juillet 2019,"Comédie dramatique, Muet",8.1,52 min.,Charlie Chaplin,Charlot recueille un bébé abandonné et l'élève de son mieux même s'il n'a pas un sou. Une très grande complicité unit l'enfant et le vagabond devenu vitrier. Jusqu'au jour où...
L'Armée des ombres (1969),12 septembre 1969,"Drame, Guerre",8.1,2 h 25 min.,Jean-Pierre Melville,"En 1942, Gerbier, l'un des chefs de la Résistance, s'échappe du camp où il est emprisonné et tente de rejoindre son réseau à Marseille."
Stalker (1979),18 novembre 1981,"Drame, Science-fiction",8.1,2 h 43 min.,Andreï Tarkovski,"Dans un pays et une époque indéterminés, il existe une zone interdite, fermée et gardée militairement. On dit qu'elle abrite une chambre exauçant les désirs secrets des hommes et qu'elle est née de la chute d'une météorite, il y a bien longtemps. Les autorités ont aussitôt isolé le lieu, mais certains, au péril de leur vie, bravent l'interdiction. Leurs guides se nomment les «stalker», êtres déclassés, rejetés, qui seuls connaissent les pièges de la zone, en perpétuelle mutation…"
Le Limier (1972),18 avril 1973,Thriller,8.1,2 h 18 min.,Joseph L. Mankiewicz,"Andrew Wyke, un auteur de romans policiers vieillissant, invite dans son somptueux manoir, peuplé d'automates et de jeux de stratégie, le coiffeur Milo Tindle qu'il sait être l'amant de sa femme Marguerite. En échange de son consentement au divorce, Wyke propose à ce jeune rival, de monter une arnaque à l'assurance, en feignant le vol de bijoux de grande valeur dans sa demeure."
Fanny et Alexandre (1982),9 mars 1983,Drame,8.1,3 h 08 min.,Ingmar Bergman,"Après la mort de son mari, la mère de Fanny et Alexandre épouse un évêque sévère et strict. Ils déménagent chez lui et seront soumis à son autorité."
La Colline des hommes perdus (1965),11 juin 1965,"Drame, Guerre",8.1,2 h 03 min.,Sidney Lumet,"Durant la Seconde Guerre mondiale, un camp disciplinaire britannique perdu dans le désert libyen accueille de nouveaux prisonniers. Le sergent Williams, un sadique consommé, prend aussitôt en main ses futures victimes. Quand un des détenus meurt, son camarade de cellule décide de porter plainte..."
La Foule (1928),18 février 1928,"Drame, Romance, Muet",8.1,1 h 38 min.,King Vidor,"1921. Bien décidé à accomplir la prédiction de son père, devenir quelqu'un, John Sims arrive à New York."
Un voyage avec Martin Scorsese à travers le cinéma américain (1995),28 mai 1995,Cinéma,8.1,3 h 45 min.,Martin Scorsese,"De Vidor à Kubrick, en passant par Welles, Cassavetes, Martin Scorsese nous conte sa fascination pour les salles obscures et pour les créateurs qui ont bouleversé sa vie. Des films qui ont nourri ses rêves et qui l'ont poussé à devenir réalisateur."
Le Seigneur des Anneaux - Le Retour du roi (2003),17 décembre 2003,"Aventure, Fantasy",8.1,3 h 21 min.,Peter Jackson,"La bataille pour la Terre du Milieu a commencé. Frodon et Sam, guidés par Gollum, poursuivent leur mission à travers les terres du Mordor pour détruire l'Anneau Unique. Tandis que le pouvoir de Sauron grandit, Aragorn, l'héritier du trône du Gondor, rassemble l'armée des Hommes contre les forces du Mal, afin de laisser une chance au porteur de l'Anneau d'accomplir sa quête."
Les Diaboliques (1955),29 janvier 1955,"Drame, Policier, Thriller",8.1,1 h 57 min.,Henri-Georges Clouzot,"Dans une institution destinée à l'éducation des jeunes garçons, Christina et Nicole, respectivement épouse et maîtresse du directeur Michel Delasalle, s'associent afin d'assassiner l'homme qu'elles ont fini par haïr."
Alien - Le 8ème Passager (1979),12 septembre 1979,"Épouvante-Horreur, Science-fiction",8.1,1 h 57 min.,Ridley Scott,"En 2122, le vaisseau commercial Nostromo et son équipage en hibernation, font route vers la Terre avec une importante cargaison de minerai. Un signal, émanant d’une planète inconnue, les tire de leur sommeil artificiel. Intrigué, l’équipage se rend sur place et découvre les restes d'un gigantesque vaisseau extraterrestre. Lors de l’exploration de l’épave, l'officier Kane se fait agresser par une forme de vie inconnue."
La Nuit du chasseur (1955),11 mai 1956,"Drame, Thriller, Film noir",8.1,1 h 32 min.,Charles Laughton,"Un prêcheur inquiétant poursuit dans l'Amérique rurale deux enfants dont le père vient d'être condamné pour vol et meurtre. Avant son incarcération, le père leur avait confié dix mille dollars, dont ils ne doivent révéler l'existence à personne. Pourchassés sans pitié par ce pasteur psychopathe et abandonnés à eux-mêmes, les enfants se lancent sur les routes."
Shining (1980),16 octobre 1980,"Épouvante-Horreur, Thriller",8.1,1 h 59 min.,Stanley Kubrick,"Écrivain, Jack Torrance est engagé comme gardien, pendant tout l’hiver, d’un grand hôtel isolé du Colorado, l’Overlook, où il espère surmonter enfin sa panne d’inspiration. Il s’y installe avec sa femme Wendy et son fils Danny, doté d’un don de médium. Tandis que Jack n’avance pas dans son livre et que son fils est de plus en plus hanté par des visions terrifiantes, il découvre les terribles secrets de l’hôtel et bascule peu à peu dans une forme de folie meurtrière où il s’en prend à sa propre...  Voir plus"
L'Empire contre-attaque (1980),20 août 1980,"Aventure, Science-fiction, Action",8.1,2 h 04 min.,Irvin Kershner,"Malgré la destruction de l'Etoile noire, l'Empire règne toujours sur la galaxie. Un groupe de l'Alliance rebelle, mené par la princesse Leia se réfugie sur la planète glacée de Hoth. Après avoir subi un assaut des troupes impériales, Leia, Han Solo, Chewbacca et C-3P0 parviennent à s'échapper et se dirigent vers Bespin, la cité des nuages gouvernée par Lando Calrissian, ancien compagnon de Han. De son côté, Luke s'envole pour Dagobah afin d'apprendre l'art des Jedi avec le maître Yoda."
Gentleman Jim (1942),9 juin 1948,"Biopic, Sport, Romance",8.1,1 h 44 min.,Raoul Walsh,"À San Francisco, James J. Corbett n'est qu'un modeste employé de banque passionné par la boxe et désireux de s'élever au-dessus de sa condition. Cet arrivisme agace les membres du Club Olympique ainsi que la jolie Victoria Ware, dont la tentative de faire corriger l'ambitieux Jim lance au contraire sa carrière..."
Old Boy (2003),29 septembre 2004,"Drame, Thriller, Film noir",8.1,2 h.,Park Chan-Wook,"Après avoir été enlevé et emprisonné durant 15 ans, sans savoir pourquoi, Oh Dae-Su est libéré et recherche les raisons de son enfermement."
Chantons sous la pluie (1952),11 septembre 1953,"Comédie, Comédie musicale, Romance",8.1,1 h 43 min.,Stanley Donen,"Don Lockwood et Lina Lamont forment le couple star du cinéma muet à Hollywood. Quand le premier film parlant sort, tous deux doivent s’accommoder et tournent leur premier film du genre. Si Don maîtrise l'exercice, la voix désagréable de Lina menace le duo. Kathy, une chanteuse, est engagée pour doubler la jeune femme mais celle-ci devient un obstacle entre Don et Lina ce qui n'est pas du goût de cette dernière."
De Nuremberg à Nuremberg (1989),,Historique,8.1,2 h 57 min.,Frédéric Rossif,"De Nuremberg à Nuremberg est un film documentaire de Frédéric Rossif sur le régime nazi, dont le texte est écrit et lu par Philippe Meyer, et produit par Jean Frydman.
Le titre fait référence aux rassemblements de masse nazis à partir de 1933 à Nuremberg, au début du règne de Hitler, et au procès de Nuremberg (1945-1946) après sa chute."
La Parole (1955),28 décembre 1955,Drame,8.1,2 h 06 min.,Carl Theodor Dreyer,"Un des fils d'un patriarche protestant danois a sombré dans la folie mystique. Un beau jour, il disparaît puis ressurgit au milieu d'une tragédie familiale."
La Liste de Schindler (1993),2 mars 1994,"Biopic, Drame, Historique",8.1,3 h 15 min.,Steven Spielberg,"En 1939, les Allemands installés en Pologne, regroupent les juifs dans des ghettos dans le but de s'en servir comme main d'oeuvre bon marché. L'industriel Oskar Schindler, espère profiter de la situation pour faire fortune, en rachetant une fabrique d'ustensiles de cuisine. Sur les conseils de son comptable, Itzak Stern, il recrute à moindres frais des travailleurs juifs. L'usine de Schindler devient, pour ses travailleurs, un lieu d'espoir d'échapper à la mort."
Vivre (1952),31 août 1966,Drame,8.1,2 h 23 min.,Akira Kurosawa,"Kanji Watanabe est chef de service du Bureau d’Accueil des Habitants depuis plus de vingt-cinq ans. Son travail consiste à tamponner des formulaires toute la journée. Le soir, il rentre chez lui auprès de son fils et sa bru qui n’attendent qu’une chose : la mort du vieil homme et l’héritage tant convoité. Lorsque Watanabe apprend qu’il est atteint d’un cancer de l’estomac incurable, il décide de changer son quotidien et de faire quelque chose d’utile, une fois dans sa vie…"
Le Joli Mai (1963),1 mai 1963,Genre non disponible,8.1,2 h 16 min.,Chris Marker,"« La scène se passe au mois de mai 1962 (juste après les accords d'Évian), désigné par certains, à l'époque, comme le premier printemps de la paix ». Au fil des rencontres, la caméra va montrer les Parisiens dans leur vie quotidienne, afin de composer un portrait politique, social et culturel de la France de 1962."
Les Nibelungen (1924),14 février 1924,"Drame, Aventure, Muet",8.1,4 h 53 min.,Fritz Lang,"Siegfried, fils unique du roi Siegmund, quitte son pays pour la Cour des Burgondes. En chemin, il tue un dragon dont le sang, dans lequel il se baigne, lui confère une quasi invulnérabilité..."
Seven (1995),31 janvier 1996,"Policier, Thriller",8.1,2 h 07 min.,David Fincher,"Sur le point de prendre sa retraite, l'inspecteur William Somerset fait équipe avec le jeune David Mills. Tous deux mènent l'enquête sur une série de meurtres particulièrement étranges. En effet, un mystérieux serial killer, se faisant appeler John Doe, tue ses victimes selon les sept péchés capitaux."
Les Évadés (1994),1 mars 1995,Drame,8.1,2 h 22 min.,Frank Darabont,"En 1947, Andy Dufresne, un jeune banquier, est condamné à la prison à vie pour le meurtre de sa femme et de son amant. Ayant beau clamer son innocence, il est emprisonné à Shawshank, le pénitencier le plus sévère de l'Etat du Maine. Il y fait la rencontre de Red, détenu depuis vingt ans. Commence alors une grande histoire d'amitié entre les deux hommes..."
Sueurs froides (1958),12 décembre 1958,"Romance, Thriller, Film noir",8.1,2 h 08 min.,Alfred Hitchcock,"Scottie est sujet au vertige, ce qui lui porte préjudice dans son métier de policier. Rendu responsable de la mort d'un de ses collègues, il décide de quitter la police. Une ancienne relation le contacte afin qu'il suive sa femme, possédée selon lui par l'esprit de son aïeule. Scottie s'éprend de la jeune femme et se trouve ballotté par des évènements qu'il ne peut contrôler."
L'Impasse (1993),23 mars 1994,"Gangster, Drame",8.1,2 h 24 min.,Brian De Palma,"En 1975, à New York, après avoir passé cinq années en prison pour racket et trafic de drogue, Carlito Brigante est libéré grâce à son avocat et ami, David Kleinfeld. Ce dernier a découvert plusieurs vices de forme dans le procès. Aujourd'hui, Carlito veut changer de vie et s'installer aux Bahamas. Mais bientôt, l'ancien caïd est rattrapé par son passé et se retrouve impliqué dans divers trafics et assassinats."
Une journée particulière (1977),7 septembre 1977,Drame,8.1,1 h 46 min.,Ettore Scola,"À Rome, le 6 mai 1938, alors que tous les habitants d'un immeuble sont partis assister au défilé du Duce Mussolini et d'Hitler, une mère de famille nombreuse et un homosexuel se rencontrent."
Paris Is Burning (1991),,Genre non disponible,8.1,1 h 11 min.,Jennie Livingston,Un documentaire sur les drag queens de New York. Homosexuels noirs et latinos performent leur genre féminin et inventent une nouvelle danse imitant les poses des modèles sur les couvertures des magazines.
L'enfer est à lui (1949),3 septembre 1949,"Gangster, Film noir",8.1,1 h 54 min.,Raoul Walsh,"Le gangster Cody Jarrett et ses complices attaquent un train en Californie. Pendant l'opération, quatre employés sont tués. La police est déterminée à retrouver les coupables et surveille la mère de Cody, à laquelle ce dernier voue une adoration pathologique."
Le Mécano de la Générale (1926),24 février 1927,"Muet, Action, Aventure",8.1,1 h 18 min.,Clyde Bruckman,"Quand les espions de l'Union volent la bien-aimée locomotive d'un ingénieur, la « General », l'homme les suit sans relâche, même en dépassant les lignes ennemies."
Les Chaussons rouges (1948),10 juin 1949,"Drame, Musique, Romance",8.1,2 h 15 min.,Michael Powell,"Boris Lermontov dirige d'une main de fer une troupe de ballet qui porte son nom. Il sait à merveille découvrir et utiliser de jeunes talents, mais il n'admet pas qu'ils puissent lui échapper. Un jour, il engage le jeune Julian Craster et lui confie la réécriture et la composition d'un ballet inspiré des contes d'Andersen. Lermontov pense confier le rôle principal à une jeune femme très douée, Victoria Page."
Autopsie d'un meurtre (1959),14 octobre 1959,"Policier, Drame, Thriller",8.1,2 h 40 min.,Otto Preminger,L'avocat Paul Biegler reçoit un coup de téléphone de Laura Manion lui demandant d'assurer la défense de son mari. Le lieutenant Frederik Manion a tué un propriétaire de bar qui avait violé sa femme. Biegler accepte de le défendre. Le procès commence et la vérité a du mal à émerger...
Les Salauds dorment en paix (1960),4 septembre 1960,Film noir,8.1,2 h 31 min.,Akira Kurosawa,Iwabuchi est sur le point de marier sa fille à son secrétaire. Il se retrouve mêlé à une sombre affaire de pots de vins au sein même de sa société.
Elephant Man (1980),8 avril 1981,"Biopic, Drame",8,2 h 04 min.,David Lynch,"Londres, 1884. Le chirurgien Frederick Treves découvre John Merrick, un homme complètement défiguré et difforme, devenu une attraction de foire. Impressionné par de telles difformités, le Dr. Treves achète Merrick, l'arrachant ainsi à la violence de son propriétaire. Le chirurgien pense alors que son nouveau protégé est un idiot congénital. Il découvre rapidement en Merrick un homme meurtri, intelligent et doté d'une grande sensibilité."
Persona (1966),21 décembre 1966,Drame,8,1 h 24 min.,Ingmar Bergman,"Alma, infirmière, s'occupe d'Elisabeth, une actrice dans une période de mutisme. Alma lui fait des confessions qui vont changer leur relation."
Sans soleil (1983),2 mars 1983,"Expérimental, Société, Essai",8,1 h 44 min.,Chris Marker,"Des lettres d’un caméraman free-lance, Sandor Krasna, sont lues par une femme inconnue. Parcourant le monde, il demeure attiré par deux « pôles extrêmes de la survie », le Japon et l’Afrique, plus particulièrement la Guinée Buissau et les îles du Cap-Vert. Le caméraman s’interroge sur la représentation du monde dont il est en permanence l’artisan, et le rôle de la mémoire qu’il contribue à forger."
Furie (1936),16 octobre 1936,"Policier, Drame, Thriller",8,1 h 32 min.,Fritz Lang,"Joe Wilson est injustement accusé de l'enlèvement d'une jeune femme. La foule, excitée par plusieurs meneurs, prend d'assaut la prison où il est enfermé."
La Bataille de Tchernobyl (2006),,Historique,8,1 h 34 min.,Thomas Johnson,"26 avril 1986 : une flamme de 1000 pieds de haut s'élève dans le ciel d'Ukraine. Le quatrième réacteur de la centrale nucléaire de Tchernobyl explose. Une bataille s'engage pour ""liquider"" la radioactivité."
Whiplash (2014),24 décembre 2014,"Drame, Musique",8,1 h 47 min.,Damien Chazelle,"Andrew, 19 ans, rêve de devenir l’un des meilleurs batteurs de jazz de sa génération. Mais la concurrence est rude au conservatoire de Manhattan où il s’entraîne avec acharnement. Il a pour objectif d’intégrer le fleuron des orchestres dirigé par Terence Fletcher, professeur féroce et intraitable. Lorsque celui-ci le repère enfin, Andrew se lance, sous sa direction, dans la quête de l’excellence..."
L'Homme qui tua Liberty Valance (1962),3 octobre 1962,Western,8,2 h 03 min.,John Ford,"Après des années d'absence, Ransom Stoddard, sénateur âgé et reconnu, assiste avec sa femme Hallie à l'enterrement de son vieil ami, Tom Doniphon, dans la petite ville de Shinbone. Intrigués, les journalistes locaux interrogent l'homme politique sur son passé. Stoddard évoque l'époque où fraîchement diplômé en droit, il débarqua avec l'idéal d'apporter la légalité dans l'Ouest. Mais, peu avant son arrivée à Shinbone, sa diligence fut attaquée par un bandit notoire, Liberty Valance. À l'époque,...  Voir plus"
Koyaanisqatsi (1983),24 août 1983,Expérimental,8,1 h 26 min.,Godfrey Reggio,Ce film propose des images où l’on joue sur les échelles d’espace et de temps pour montrer au spectateur le monde où il vit sous un angle différent.
Faust (1926),14 octobre 1926,"Muet, Drame, Fantasy",8,1 h 56 min.,Friedrich Wilhelm Murnau,Faust accepte de signer un pacte avec le Diable pour sauver son village de la peste et de retrouver sa jeunesse en échange de son âme.
Eureka (2000),29 novembre 2000,Drame,8,3 h 37 min.,Shinji Aoyama,"2 ans après la prise en otage d'un bus ayant tourné au massacre, les 3 uniques survivants se retrouvent et emménagent ensemble sur le lieu du drame."
Jour de colère (1943),16 avril 1947,Drame,8,1 h 37 min.,Carl Theodor Dreyer,"Le vieux pasteur Absalon Pederson a épousé de force la jeune Anne, sans doute pour protéger celle-ci d'une accusation de sorcellerie. Lorsque Martin, le fils d'Absalon revient chez son père, il tombe éperdument amoureux d'Anne…"
Freaks - La Monstrueuse Parade (1932),7 octobre 1932,"Drame, Thriller",8,1 h 04 min.,Tod Browning,"Des êtres difformes se produisent dans un célèbre cirque, afin de s'exhiber en tant que phénomènes de foire. Le liliputien Hans, fiancé à l'écuyère naine Frieda, est fasciné par la beauté de l'acrobate Cléopâtre. Apprenant que son soupirant a hérité d'une belle somme, celle-ci décide de l'épouser pour l'empoisonner ensuite avec la complicité de son amant Hercule. Mais le complot est découvert..."
Nuit et Brouillard (1956),,"Historique, Guerre",8,32 min.,Alain Resnais,"1955. Alain Resnais, à la demande du comité d'histoire de la Seconde Guerre mondiale, se rend sur les lieux où des milliers d'hommes, de femmes et d'enfants ont perdu la vie. Il s'agit d'Orianenbourg, Auschwitz, Dachau, Ravensbruck, Belsen, Neuengamme, Struthof. Avec Jean Cayrol et l'aide de documents d'archives, il retrace le lent calvaire des déportés."
La Garçonnière (1960),16 septembre 1960,"Comédie, Drame, Romance",8,2 h 05 min.,Billy Wilder,"Dans l'espoir d'une promotion, C. C. Baxter prête son appartement à ses supérieurs, qui y amènent leurs maîtresses. Jusqu'au jour où son chef invite Mlle Kubelik, dont Baxter est amoureux..."
Shoah (1985),30 avril 1985,"Historique, Guerre",8,9 h 26 min.,Claude Lanzmann,"Claude Lanzmann fait revivre le voyage des Juifs européens vers la mort au cours de la dernière guerre. Pas une image d'archives, pas une ligne de commentaire : un film d'histoire au présent."
Le Seigneur des Anneaux - La Communauté de l'anneau (2001),19 décembre 2001,"Aventure, Fantasy",8,2 h 58 min.,Peter Jackson,"Le jeune hobbit Frodon Sacquet hérite d'un anneau. Il s'agit de l'Anneau Unique, instrument de pouvoir absolu qui permettrait à Sauron, de régner sur la Terre du Milieu et de réduire en esclavage ses peuples... A moins que Frodon et ses fidèles compagnons ne parviennent à emporter l'Anneau jusqu'en Mordor, lieu où il a été forgé, et à le détruire pour toujours."
La Passion de Jeanne d'Arc (1928),25 octobre 1928,"Drame, Historique, Muet",8,1 h 40 min.,Carl Theodor Dreyer,"En 1431 débute le procès de Jeanne dans le château de Rouen, devant un tribunal ecclésiastique au service de l'occupant anglais. Enchaînée, avec une simplicité désarmante, elle explique ses gestes devant une foule qui a décidé de la condamner avant même le début de son jugement…"
L'Opérateur (1928),24 août 2005,"Comédie, Romance, Drame",8,1 h 16 min.,Buster Keaton,"À New-York, les débuts de Shannon comme reporter d'une compagnie d'actualités cinématographiques sont désastreux. Mais la chance va tourner."
"Onibaba, les tueuses (1964)",29 janvier 1966,"Drame, Épouvante-Horreur",8,1 h 45 min.,Kaneto Shindō,"Au XVème siècle, une vieille femme et sa bru survivent en assassinant et dépouillant les soldats qui s'aventurent dans les marais environnants."
Citizen Kane (1941),3 juillet 1946,Drame,8,1 h 59 min.,Orson Welles,"À la mort du milliardaire Charles Foster Kane, un grand magnat de la presse, Thompson, un reporter, enquête sur sa vie. Les contacts qu'il prend avec ses proches lui font découvrir un personnage gigantesque, mégalomane, égoïste et solitaire."
"Paris, Texas (1984)",19 septembre 1984,"Drame, Road movie",8,2 h 25 min.,Wim Wenders,"Un homme réapparaît subitement après quatre années d'errance, période sur laquelle il ne donne aucune explication à son frère venu le retrouver."
