Name,Url
Andy Dick,https://www.senscritique.com/liste/les_porcs/2207124?page=
Anthox Colaboy,https://www.senscritique.com/liste/les_porcs/2207124?page=
Arnold Schwarzenegger,https://www.senscritique.com/liste/les_porcs/2207124?page=
Ben Affleck,https://www.senscritique.com/liste/les_porcs/2207124?page=
Bertrand Cantat,https://www.senscritique.com/liste/les_porcs/2207124?page=
Bill Cosby,https://www.senscritique.com/liste/les_porcs/2207124?page=
Billy Dee Williams,https://www.senscritique.com/liste/les_porcs/2207124?page=
Brett Ratner,https://www.journaldequebec.com/2017/11/01/accusations-de-nature-sexuelle-au-banc-des-accuses
Bryan Singer,https://www.senscritique.com/liste/les_porcs/2207124?page=
Casey Affleck,https://www.senscritique.com/liste/les_porcs/2207124?page=
Charlie Chaplin,https://www.senscritique.com/liste/les_porcs/2207124?page=
Chris Brown,https://www.senscritique.com/liste/les_porcs/2207124?page=
Christian Slater,https://www.senscritique.com/liste/les_porcs/2207124?page=
Donald Trump,https://www.senscritique.com/liste/les_porcs/2207124?page=
Dustin Hoffman,https://www.journaldequebec.com/2017/11/01/accusations-de-nature-sexuelle-au-banc-des-accuses
GaryGoddard,https://www.radiofrance.fr/franceinter/a-hollywood-la-liste-des-harceleurs-presumes-s-allonge-8515300
GeorgeTakei,https://www.radiofrance.fr/franceinter/a-hollywood-la-liste-des-harceleurs-presumes-s-allonge-8515300
GÃ©rard Depardieu,https://www.senscritique.com/liste/les_porcs/2207124?page=
Harvey Weinstein,https://www.senscritique.com/liste/les_porcs/2207124?page=
James Deen,https://www.senscritique.com/liste/les_porcs/2207124?page=
James Franco,https://www.senscritique.com/liste/les_porcs/2207124?page=
James Toback,https://www.journaldequebec.com/2017/11/01/accusations-de-nature-sexuelle-au-banc-des-accuses
James Woods,https://www.senscritique.com/liste/les_porcs/2207124?page=
Jared Leto,https://www.senscritique.com/liste/les_porcs/2207124?page=
Jean Lassalle,https://www.senscritique.com/liste/les_porcs/2207124?page=
Jeremstar,https://www.senscritique.com/liste/les_porcs/2207124?page=
Jeremy Piven,https://www.journaldequebec.com/2017/11/01/accusations-de-nature-sexuelle-au-banc-des-accuses
Jim Carrey,https://www.senscritique.com/liste/les_porcs/2207124?page=
John Lasseter,https://www.senscritique.com/liste/les_porcs/2207124?page=
Josh Brolin,https://www.senscritique.com/liste/les_porcs/2207124?page=
Kevin Spacey,https://www.senscritique.com/liste/les_porcs/2207124?page=
Klaus Kinski,https://www.senscritique.com/liste/les_porcs/2207124?page=
Lars Von,https://www.journaldequebec.com/2017/11/01/accusations-de-nature-sexuelle-au-banc-des-accuses
Lars von Trier,https://www.senscritique.com/liste/les_porcs/2207124?page=
Louis C.K.,https://www.senscritique.com/liste/les_porcs/2207124?page=
Mark Halperin,https://www.journaldequebec.com/2017/11/01/accusations-de-nature-sexuelle-au-banc-des-accuses
Marlon Brando,https://www.senscritique.com/liste/les_porcs/2207124?page=
Matthew Wiener,https://www.radiofrance.fr/franceinter/a-hollywood-la-liste-des-harceleurs-presumes-s-allonge-8515300
Nate Parker,https://www.senscritique.com/liste/les_porcs/2207124?page=
Neil deGrasse Tyson,https://www.senscritique.com/liste/les_porcs/2207124?page=
Richard Dreyfuss,https://www.radiofrance.fr/franceinter/a-hollywood-la-liste-des-harceleurs-presumes-s-allonge-8515300
Rob Lowe,https://www.senscritique.com/liste/les_porcs/2207124?page=
Roger Ailes,https://www.senscritique.com/liste/les_porcs/2207124?page=
Roman Polanski,https://www.senscritique.com/liste/les_porcs/2207124?page=
Roy Price,https://www.journaldequebec.com/2017/11/01/accusations-de-nature-sexuelle-au-banc-des-accuses
Sean Connery,https://www.senscritique.com/liste/les_porcs/2207124?page=
Shane Sparks,https://www.senscritique.com/liste/les_porcs/2207124?page=
Stephen Collins,https://www.senscritique.com/liste/les_porcs/2207124?page=
Steven Seagal,https://www.senscritique.com/liste/les_porcs/2207124?page=
Terry Richardson,https://www.journaldequebec.com/2017/11/01/accusations-de-nature-sexuelle-au-banc-des-accuses
Victor Bonnefoy,https://www.senscritique.com/liste/les_porcs/2207124?page=
Woody Allen,https://www.senscritique.com/liste/les_porcs/2207124?page=
